{
	"23o": 0.354,
	"24o": 0.36233333333333334,
	"26o": 0.3758666666666667,
	"34o": 0.3792,
	"25o": 0.3804666666666667,
	"27o": 0.3807333333333333,
	"23s": 0.3876,
	"36o": 0.39,
	"35o": 0.3900666666666667,
	"37o": 0.3957333333333333,
	"38o": 0.40013333333333334,
	"24s": 0.4024,
	"27s": 0.405,
	"28o": 0.4060666666666667,
	"25s": 0.4076,
	"26s": 0.41046666666666665,
	"46o": 0.4108,
	"47o": 0.41713333333333336,
	"34s": 0.4176666666666667,
	"45o": 0.4179333333333333,
	"29o": 0.4215333333333333,
	"48o": 0.4234,
	"37s": 0.424,
	"35s": 0.4246,
	"36s": 0.4268,
	"39o": 0.42733333333333334,
	"56o": 0.428,
	"28s": 0.42873333333333336,
	"57o": 0.4331333333333333,
	"49o": 0.43473333333333336,
	"38s": 0.4358,
	"2To": 0.4362666666666667,
	"58o": 0.4378666666666667,
	"45s": 0.4434666666666667,
	"46s": 0.4444,
	"47s": 0.4448666666666667,
	"67o": 0.4461333333333333,
	"3To": 0.4532,
	"48s": 0.4534,
	"56s": 0.4538,
	"29s": 0.45466666666666666,
	"39s": 0.45686666666666664,
	"68o": 0.4570666666666667,
	"59o": 0.45866666666666667,
	"57s": 0.4640666666666667,
	"4To": 0.46526666666666666,
	"49s": 0.46546666666666664,
	"2Jo": 0.466,
	"69o": 0.4666,
	"5To": 0.4672,
	"2Ts": 0.46786666666666665,
	"78o": 0.4722,
	"58s": 0.4756,
	"6To": 0.4768,
	"3Ts": 0.47733333333333333,
	"79o": 0.4788,
	"67s": 0.4808,
	"3Jo": 0.4808,
	"59s": 0.48133333333333334,
	"68s": 0.48346666666666666,
	"4Jo": 0.48633333333333334,
	"2Qo": 0.4928666666666667,
	"2Js": 0.49406666666666665,
	"69s": 0.49546666666666667,
	"3Qo": 0.4965333333333333,
	"4Ts": 0.49706666666666666,
	"6Jo": 0.4971333333333333,
	"5Jo": 0.49793333333333334,
	"5Ts": 0.5010666666666667,
	"7To": 0.5022,
	"89o": 0.5038,
	"6Ts": 0.5054,
	"78s": 0.5059333333333333,
	"3Js": 0.5124,
	"8To": 0.5130666666666667,
	"7Jo": 0.5150666666666667,
	"4Js": 0.5166,
	"79s": 0.5176666666666667,
	"7Ts": 0.5187333333333334,
	"2Qs": 0.5188666666666667,
	"22o": 0.5194666666666666,
	"4Qo": 0.5205333333333333,
	"6Js": 0.5217333333333334,
	"5Qo": 0.5253333333333333,
	"5Js": 0.5254,
	"2Ko": 0.5275333333333333,
	"3Ko": 0.5282666666666667,
	"89s": 0.5294,
	"8Jo": 0.5295333333333333,
	"9To": 0.5298,
	"6Qo": 0.5319333333333334,
	"4Qs": 0.5332666666666667,
	"3Qs": 0.5352,
	"7Qo": 0.5357333333333333,
	"7Js": 0.5391333333333334,
	"4Ko": 0.5392,
	"8Ts": 0.5393333333333333,
	"5Ko": 0.5412666666666667,
	"9Jo": 0.5472666666666667,
	"5Qs": 0.5484666666666667,
	"2Ks": 0.5512666666666667,
	"33o": 0.5556,
	"9Ts": 0.5558666666666666,
	"8Qo": 0.557,
	"6Qs": 0.5571333333333334,
	"8Js": 0.5590666666666667,
	"7Qs": 0.5597333333333333,
	"6Ko": 0.5597333333333333,
	"4Ks": 0.5641333333333334,
	"9Qo": 0.5652666666666667,
	"3Ks": 0.5654666666666667,
	"2Ao": 0.5668,
	"8Ko": 0.5674,
	"TJo": 0.5682666666666667,
	"7Ko": 0.5684,
	"3Ao": 0.5736666666666667,
	"8Qs": 0.5752,
	"5Ks": 0.5762666666666667,
	"9Js": 0.5798666666666666,
	"44o": 0.5818666666666666,
	"6Ks": 0.5852,
	"TQo": 0.5856666666666667,
	"2As": 0.5878666666666666,
	"9Qs": 0.5883333333333334,
	"7Ks": 0.5898666666666667,
	"9Ko": 0.5908,
	"JQo": 0.5912,
	"4Ao": 0.5918666666666667,
	"6Ao": 0.5934666666666667,
	"5Ao": 0.5938,
	"TJs": 0.5943333333333334,
	"8Ks": 0.5964666666666667,
	"7Ao": 0.6003333333333334,
	"3As": 0.6010666666666666,
	"TQs": 0.6062,
	"TKo": 0.6062666666666666,
	"4As": 0.6072,
	"9Ao": 0.6084,
	"JQs": 0.6100666666666666,
	"JKo": 0.6107333333333334,
	"9Ks": 0.6149333333333333,
	"8Ao": 0.6162666666666666,
	"55o": 0.6185333333333334,
	"6As": 0.6204666666666667,
	"QKo": 0.6242666666666666,
	"5As": 0.6255333333333334,
	"7As": 0.6282666666666666,
	"8As": 0.6311333333333333,
	"TKs": 0.6348666666666667,
	"TAo": 0.6371333333333333,
	"66o": 0.6403333333333333,
	"QKs": 0.6410666666666667,
	"9As": 0.6426,
	"JKs": 0.6436,
	"JAo": 0.6460666666666667,
	"TAs": 0.6498,
	"QAo": 0.6514,
	"77o": 0.6592,
	"KAo": 0.6592,
	"JAs": 0.6612666666666667,
	"QAs": 0.6670666666666667,
	"KAs": 0.6816666666666666,
	"88o": 0.6978,
	"99o": 0.7197333333333333,
	"TTo": 0.7524666666666666,
	"JJo": 0.7754,
	"QQo": 0.8024,
	"KKo": 0.8305333333333333,
	"AAo": 0.8527333333333333
}