{
    "27O": 0.303696545059193,
    "29O": 0.30942472460220316,
    "23O": 0.30998894213048284,
    "26O": 0.31240620310155076,
    "38O": 0.31380259535981125,
    "28O": 0.3140096618357488,
    "24O": 0.31435643564356436,
    "37O": 0.3162046908315565,
    "25O": 0.32404692082111436,
    "49O": 0.32590808749749145,
    "36O": 0.32863383637807786,
    "3TO": 0.33053595269883657,
    "23S": 0.3314362236357549,
    "34O": 0.3317936874518861,
    "2TO": 0.3333333333333333,
    "39O": 0.3371285218062524,
    "48O": 0.3386411889596603,
    "27S": 0.339756892973614,
    "47O": 0.3408119658119658,
    "35O": 0.342769701606733,
    "2JO": 0.3437424352457032,
    "28S": 0.34509424842919284,
    "46O": 0.34732913459295545,
    "4TO": 0.3475622515170538,
    "5TO": 0.3476603119584055,
    "24S": 0.34868017188459177,
    "26S": 0.35188679245283017,
    "3JO": 0.35237312512841584,
    "38S": 0.35376940133037693,
    "6TO": 0.354020507285483,
    "2TS": 0.35509701262704035,
    "37S": 0.35648148148148145,
    "67O": 0.3580665677337291,
    "4JO": 0.3582281189813824,
    "59O": 0.3586380128384036,
    "5JO": 0.3590872698158527,
    "58O": 0.35993111366245695,
    "39S": 0.3599947465195692,
    "29S": 0.3637856702935742,
    "56O": 0.3639933856965688,
    "2JS": 0.36502066565151187,
    "3TS": 0.3654306220095694,
    "45O": 0.3657484234981746,
    "57O": 0.36597331240188385,
    "25S": 0.3660652324774462,
    "2QO": 0.36715803908124783,
    "68O": 0.36931177134261,
    "49S": 0.36982908100074313,
    "69O": 0.36993243243243246,
    "6JO": 0.37126229179209314,
    "7TO": 0.3728470111448835,
    "7JO": 0.373477038425492,
    "4TS": 0.37356417512901613,
    "48S": 0.37370719374856354,
    "36S": 0.3741184767277856,
    "59S": 0.3742697327532629,
    "46S": 0.37583986562150057,
    "89O": 0.37663469921534437,
    "3JS": 0.37862151078184947,
    "34S": 0.3795879706369879,
    "5QO": 0.3800582712852056,
    "35S": 0.38139957588609513,
    "79O": 0.3814660455994116,
    "4QO": 0.3821755639937458,
    "6TS": 0.3827546955036995,
    "5TS": 0.3832412286338517,
    "3QO": 0.3832821412900395,
    "8TO": 0.3836405529953917,
    "69S": 0.38365217391304346,
    "78O": 0.38553237604985097,
    "7TS": 0.38629821531375935,
    "58S": 0.38678880144497485,
    "8JO": 0.38729977116704806,
    "47S": 0.3876557353572963,
    "4JS": 0.3894422310756972,
    "6JS": 0.39075959279561473,
    "5JS": 0.3918032786885246,
    "6QO": 0.39449348465741907,
    "45S": 0.39660965180207697,
    "56S": 0.39840499306518723,
    "57S": 0.40053348308297065,
    "2QS": 0.40156521739130435,
    "7JS": 0.4075965528247686,
    "67S": 0.4080592867068087,
    "4QS": 0.41110125459384106,
    "78S": 0.4121212121212121,
    "79S": 0.4135634271874054,
    "68S": 0.4136008918617614,
    "7QO": 0.41414141414141414,
    "8TS": 0.41458658346333854,
    "9TO": 0.418412348401323,
    "3QS": 0.4198274681637683,
    "5QS": 0.4205607476635514,
    "89S": 0.42074713499032595,
    "8JS": 0.43476662991547227,
    "9TS": 0.4351728723404255,
    "6QS": 0.4360942048160889,
    "9JS": 0.43711467324291,
    "7QS": 0.43726521412471825,
    "9JO": 0.43774574049803405,
    "8QO": 0.44188658057271196,
    "3KO": 0.4432379072063179,
    "2KO": 0.4440749697702539,
    "9QO": 0.44919064748201437,
    "TJO": 0.45229244114002476,
    "4KO": 0.45927025880356387,
    "2KS": 0.4613409415121255,
    "8QS": 0.4681458003169572,
    "9QS": 0.46891002194586684,
    "TQO": 0.47138350608382157,
    "5KO": 0.4747663551401869,
    "3KS": 0.47648673376029277,
    "7KO": 0.47675276752767526,
    "6KO": 0.47685998828353837,
    "22": 0.47944282183778925,
    "8KO": 0.4814509480626546,
    "4KS": 0.4838785320670653,
    "TJS": 0.48390446521287644,
    "5KS": 0.4889293721973094,
    "JQO": 0.493803359955935,
    "TQS": 0.4948,
    "JQS": 0.5003808073115004,
    "6KS": 0.5052573325954621,
    "7KS": 0.5104194857916103,
    "8KS": 0.5168243953732913,
    "33": 0.5183129855715871,
    "3AO": 0.5246781115879828,
    "2AO": 0.525491113189897,
    "7AO": 0.5283018867924528,
    "9KO": 0.5293413173652695,
    "44": 0.5402906208718626,
    "55": 0.5421269222438813,
    "TKO": 0.5435684647302904,
    "9KS": 0.5436548223350254,
    "4AO": 0.5490640952921158,
    "3AS": 0.5521060275962236,
    "2AS": 0.552398462309878,
    "JKO": 0.5535444947209653,
    "4AS": 0.5615679028639303,
    "QKO": 0.5642035130224107,
    "6AO": 0.5650170306551793,
    "66": 0.5651285046728972,
    "5AS": 0.5652453396185987,
    "6AS": 0.5713849908480781,
    "TKS": 0.571893298633702,
    "5AO": 0.5746054519368723,
    "77": 0.5767270668176671,
    "JKS": 0.5797101449275363,
    "8AO": 0.5817575083426029,
    "7AS": 0.5877384196185286,
    "9AO": 0.5895279435702658,
    "8AS": 0.6054241435562806,
    "QKS": 0.6062073519700638,
    "88": 0.617579908675799,
    "9AS": 0.6184971098265896,
    "TAO": 0.6255055270962524,
    "JAO": 0.6305372290292177,
    "99": 0.637595757218621,
    "TAS": 0.6546091015169195,
    "JAS": 0.6549225387306347,
    "QAO": 0.6653021911870937,
    "TT": 0.6720796228391828,
    "KAO": 0.6851481184947958,
    "QAS": 0.6871154204736155,
    "KAS": 0.703554274735831,
    "JJ": 0.7054436987322893,
    "QQ": 0.7456,
    "KK": 0.7968260188087775,
    "AA": 0.8603396603396604
}