{
	"23O": 0.354,
	"24O": 0.36233333333333334,
	"26O": 0.3758666666666667,
	"34O": 0.3792,
	"25O": 0.3804666666666667,
	"27O": 0.3807333333333333,
	"23S": 0.3876,
	"36O": 0.39,
	"35O": 0.3900666666666667,
	"37O": 0.3957333333333333,
	"38O": 0.40013333333333334,
	"24S": 0.4024,
	"27S": 0.405,
	"28O": 0.4060666666666667,
	"25S": 0.4076,
	"26S": 0.41046666666666665,
	"46O": 0.4108,
	"47O": 0.41713333333333336,
	"34S": 0.4176666666666667,
	"45O": 0.4179333333333333,
	"29O": 0.4215333333333333,
	"48O": 0.4234,
	"37S": 0.424,
	"35S": 0.4246,
	"36S": 0.4268,
	"39O": 0.42733333333333334,
	"56O": 0.428,
	"28S": 0.42873333333333336,
	"57O": 0.4331333333333333,
	"49O": 0.43473333333333336,
	"38S": 0.4358,
	"2TO": 0.4362666666666667,
	"58O": 0.4378666666666667,
	"45S": 0.4434666666666667,
	"46S": 0.4444,
	"47S": 0.4448666666666667,
	"67O": 0.4461333333333333,
	"3TO": 0.4532,
	"48S": 0.4534,
	"56S": 0.4538,
	"29S": 0.45466666666666666,
	"39S": 0.45686666666666664,
	"68O": 0.4570666666666667,
	"59O": 0.45866666666666667,
	"57S": 0.4640666666666667,
	"4TO": 0.46526666666666666,
	"49S": 0.46546666666666664,
	"2JO": 0.466,
	"69O": 0.4666,
	"5TO": 0.4672,
	"2TS": 0.46786666666666665,
	"78O": 0.4722,
	"58S": 0.4756,
	"6TO": 0.4768,
	"3TS": 0.47733333333333333,
	"79O": 0.4788,
	"67S": 0.4808,
	"3JO": 0.4808,
	"59S": 0.48133333333333334,
	"68S": 0.48346666666666666,
	"4JO": 0.48633333333333334,
	"2QO": 0.4928666666666667,
	"2JS": 0.49406666666666665,
	"69S": 0.49546666666666667,
	"3QO": 0.4965333333333333,
	"4TS": 0.49706666666666666,
	"6JO": 0.4971333333333333,
	"5JO": 0.49793333333333334,
	"5TS": 0.5010666666666667,
	"7TO": 0.5022,
	"89O": 0.5038,
	"6TS": 0.5054,
	"78S": 0.5059333333333333,
	"3JS": 0.5124,
	"8TO": 0.5130666666666667,
	"7JO": 0.5150666666666667,
	"4JS": 0.5166,
	"79S": 0.5176666666666667,
	"7TS": 0.5187333333333334,
	"2QS": 0.5188666666666667,
	"22": 0.5194666666666666,
	"4QO": 0.5205333333333333,
	"6JS": 0.5217333333333334,
	"5QO": 0.5253333333333333,
	"5JS": 0.5254,
	"2KO": 0.5275333333333333,
	"3KO": 0.5282666666666667,
	"89S": 0.5294,
	"8JO": 0.5295333333333333,
	"9TO": 0.5298,
	"6QO": 0.5319333333333334,
	"4QS": 0.5332666666666667,
	"3QS": 0.5352,
	"7QO": 0.5357333333333333,
	"7JS": 0.5391333333333334,
	"4KO": 0.5392,
	"8TS": 0.5393333333333333,
	"5KO": 0.5412666666666667,
	"9JO": 0.5472666666666667,
	"5QS": 0.5484666666666667,
	"2KS": 0.5512666666666667,
	"33": 0.5556,
	"9TS": 0.5558666666666666,
	"8QO": 0.557,
	"6QS": 0.5571333333333334,
	"8JS": 0.5590666666666667,
	"7QS": 0.5597333333333333,
	"6KO": 0.5597333333333333,
	"4KS": 0.5641333333333334,
	"9QO": 0.5652666666666667,
	"3KS": 0.5654666666666667,
	"2AO": 0.5668,
	"8KO": 0.5674,
	"TJO": 0.5682666666666667,
	"7KO": 0.5684,
	"3AO": 0.5736666666666667,
	"8QS": 0.5752,
	"5KS": 0.5762666666666667,
	"9JS": 0.5798666666666666,
	"44": 0.5818666666666666,
	"6KS": 0.5852,
	"TQO": 0.5856666666666667,
	"2AS": 0.5878666666666666,
	"9QS": 0.5883333333333334,
	"7KS": 0.5898666666666667,
	"9KO": 0.5908,
	"JQO": 0.5912,
	"4AO": 0.5918666666666667,
	"6AO": 0.5934666666666667,
	"5AO": 0.5938,
	"TJS": 0.5943333333333334,
	"8KS": 0.5964666666666667,
	"7AO": 0.6003333333333334,
	"3AS": 0.6010666666666666,
	"TQS": 0.6062,
	"TKO": 0.6062666666666666,
	"4AS": 0.6072,
	"9AO": 0.6084,
	"JQS": 0.6100666666666666,
	"JKO": 0.6107333333333334,
	"9KS": 0.6149333333333333,
	"8AO": 0.6162666666666666,
	"55": 0.6185333333333334,
	"6AS": 0.6204666666666667,
	"QKO": 0.6242666666666666,
	"5AS": 0.6255333333333334,
	"7AS": 0.6282666666666666,
	"8AS": 0.6311333333333333,
	"TKS": 0.6348666666666667,
	"TAO": 0.6371333333333333,
	"66": 0.6403333333333333,
	"QKS": 0.6410666666666667,
	"9AS": 0.6426,
	"JKS": 0.6436,
	"JAO": 0.6460666666666667,
	"TAS": 0.6498,
	"QAO": 0.6514,
	"77": 0.6592,
	"KAO": 0.6592,
	"JAS": 0.6612666666666667,
	"QAS": 0.6670666666666667,
	"KAS": 0.6816666666666666,
	"88": 0.6978,
	"99": 0.7197333333333333,
	"TT": 0.7524666666666666,
	"JJ": 0.7754,
	"QQ": 0.8024,
	"KK": 0.8305333333333333,
	"AA": 0.8527333333333333
}